{
  "hash": "c9089782",
  "configHash": "809204d3",
  "lockfileHash": "09c59164",
  "browserHash": "a26fc5c1",
  "optimized": {
    "@angular/common": {
      "src": "../../../../../../node_modules/@angular/common/fesm2022/common.mjs",
      "file": "@angular_common.js",
      "fileHash": "116f8c8f",
      "needsInterop": false
    },
    "@angular/core": {
      "src": "../../../../../../node_modules/@angular/core/fesm2022/core.mjs",
      "file": "@angular_core.js",
      "fileHash": "abc826a2",
      "needsInterop": false
    },
    "@angular/forms": {
      "src": "../../../../../../node_modules/@angular/forms/fesm2022/forms.mjs",
      "file": "@angular_forms.js",
      "fileHash": "df58d652",
      "needsInterop": false
    },
    "@angular/platform-browser": {
      "src": "../../../../../../node_modules/@angular/platform-browser/fesm2022/platform-browser.mjs",
      "file": "@angular_platform-browser.js",
      "fileHash": "3520e828",
      "needsInterop": false
    },
    "@angular/router": {
      "src": "../../../../../../node_modules/@angular/router/fesm2022/router.mjs",
      "file": "@angular_router.js",
      "fileHash": "0709af38",
      "needsInterop": false
    }
  },
  "chunks": {
    "chunk-5WJGEY5O": {
      "file": "chunk-5WJGEY5O.js"
    },
    "chunk-L7CJSSBL": {
      "file": "chunk-L7CJSSBL.js"
    },
    "chunk-2RZ32MDT": {
      "file": "chunk-2RZ32MDT.js"
    }
  }
}