{
  "hash": "f1157b9f",
  "configHash": "c4ea76df",
  "lockfileHash": "ec465f19",
  "browserHash": "7e0d3155",
  "optimized": {
    "@angular/common/http": {
      "src": "../../../../../../node_modules/@angular/common/fesm2022/http.mjs",
      "file": "@angular_common_http.js",
      "fileHash": "d2237388",
      "needsInterop": false
    },
    "@angular/core": {
      "src": "../../../../../../node_modules/@angular/core/fesm2022/core.mjs",
      "file": "@angular_core.js",
      "fileHash": "b7264117",
      "needsInterop": false
    },
    "@angular/platform-browser": {
      "src": "../../../../../../node_modules/@angular/platform-browser/fesm2022/platform-browser.mjs",
      "file": "@angular_platform-browser.js",
      "fileHash": "644fd7fe",
      "needsInterop": false
    },
    "@angular/router": {
      "src": "../../../../../../node_modules/@angular/router/fesm2022/router.mjs",
      "file": "@angular_router.js",
      "fileHash": "34eba90e",
      "needsInterop": false
    },
    "@angular/forms": {
      "src": "../../../../../../node_modules/@angular/forms/fesm2022/forms.mjs",
      "file": "@angular_forms.js",
      "fileHash": "1e992cf8",
      "needsInterop": false
    }
  },
  "chunks": {
    "chunk-X7KDH2J7": {
      "file": "chunk-X7KDH2J7.js"
    },
    "chunk-YHTQAO6K": {
      "file": "chunk-YHTQAO6K.js"
    },
    "chunk-TBHOUIK7": {
      "file": "chunk-TBHOUIK7.js"
    },
    "chunk-KQVTM4CV": {
      "file": "chunk-KQVTM4CV.js"
    }
  }
}